currency_pair,volume_24h,Last_price,Change_24h,High_24h,Low_24h
NVC/BTC,0.09 BTC,0.00001950 BTC,-0.26%,0.00001996 BTC,0.00001932 BTC
NEXO/BTC,0.08 BTC,0.00001975 BTC,-14.06%,0.00002298 BTC,0.00001915 BTC
ENJ/BTC,0.08 BTC,0.00002029 BTC,-2.59%,0.00002098 BTC,0.00001992 BTC
BLK/BTC,0.08 BTC,0.00000384 BTC,2.95%,0.00000393 BTC,0.00000371 BTC
YOC/BTC,0.07 BTC,0.00000002 BTC,0%,0.00000003 BTC,0.00000002 BTC
GAME/BTC,0.07 BTC,0.00000789 BTC,-1%,0.00000846 BTC,0.00000776 BTC
BURST/BTC,0.07 BTC,0.00000048 BTC,0%,0.00000048 BTC,0.00000048 BTC
CRAD/BTC,0.07 BTC,0.00000040 BTC,0%,0.00000041 BTC,0.00000036 BTC
DGTX/BTC,0.07 BTC,0.00000603 BTC,-1.47%,0.00000654 BTC,0.00000596 BTC
RVN/BTC,0.06 BTC,0.00000229 BTC,-4.18%,0.00000242 BTC,0.00000228 BTC
UQC/BTC,0.06 BTC,0.00016864 BTC,-3.99%,0.00017669 BTC,0.00016864 BTC
PIVX/BTC,0.05 BTC,0.00004788 BTC,-0.6%,0.00004847 BTC,0.00004715 BTC
EVC/BTC,0.05 BTC,0.00000079 BTC,-10.23%,0.00000088 BTC,0.00000073 BTC
BNT/BTC,0.05 BTC,0.00017166 BTC,2.24%,0.00017591 BTC,0.00016166 BTC
GAS/BTC,0.05 BTC,0.00011290 BTC,4.61%,0.00014998 BTC,0.00009811 BTC
SIB/BTC,0.05 BTC,0.00000217 BTC,1.4%,0.00000218 BTC,0.00000212 BTC
DRGN/BTC,0.05 BTC,0.00001025 BTC,14.78%,0.00001379 BTC,0.0000035 BTC
HVN/BTC,0.05 BTC,0.00000055 BTC,-11.29%,0.00000062 BTC,0.00000052 BTC
TUBE/BTC,0.05 BTC,0.00000145 BTC,1.4%,0.00000148 BTC,0.00000133 BTC
QTUM/BTC,0.05 BTC,0.00025118 BTC,0.7%,0.00027 BTC,0.00023695 BTC
TRUMP/BTC,0.05 BTC,0.00000103 BTC,3%,0.00000105 BTC,0.000001 BTC
DCR/BTC,0.04 BTC,0.00169559 BTC,4.03%,0.00169753 BTC,0.00160016 BTC
GNT/BTC,0.04 BTC,0.00000621 BTC,5.25%,0.00000632 BTC,0.00000589 BTC
VERI/BTC,0.04 BTC,0.00052050 BTC,18.49%,0.00062305 BTC,0.00043923 BTC
FirstBlood/BTC,0.04 BTC,0.00000864 BTC,-8.47%,0.00000985 BTC,0.00000807 BTC
VRM/BTC,0.04 BTC,0.00001105 BTC,-1.07%,0.0000126 BTC,0.00001101 BTC
USC/BTC,0.04 BTC,0.00000186 BTC,1.64%,0.00000196 BTC,0.00000177 BTC
BTA/BTC,0.04 BTC,0.00000141 BTC,-9.03%,0.00000162 BTC,0.00000133 BTC
PPT/BTC,0.03 BTC,0.00003671 BTC,-2.34%,0.00003772 BTC,0.00003547 BTC
XAUR/BTC,0.03 BTC,0.00000420 BTC,-0.94%,0.00000428 BTC,0.00000419 BTC
ESR/BTC,0.03 BTC,0.00000146 BTC,3.55%,0.0000015 BTC,0.00000139 BTC
POLY/BTC,0.03 BTC,0.00000460 BTC,-1.92%,0.00000478 BTC,0.00000452 BTC
XTZ/BTC,0.03 BTC,0.00031330 BTC,1.23%,0.00032351 BTC,0.00030698 BTC
PAI/BTC,0.03 BTC,0.00000181 BTC,-6.22%,0.00000216 BTC,0.00000152 BTC
CRO/BTC,0.03 BTC,0.00001522 BTC,0.93%,0.00001539 BTC,0.00001481 BTC
MTL/BTC,0.03 BTC,0.00003547 BTC,0.14%,0.00003689 BTC,0.00003473 BTC
TPI/BTC,0.03 BTC,0.00000003 BTC,0%,0.00000003 BTC,0.00000003 BTC
KMD/BTC,0.03 BTC,0.00007321 BTC,3.42%,0.000075 BTC,0.00006922 BTC
DMD/BTC,0.03 BTC,0.00002674 BTC,-4.57%,0.00002802 BTC,0.00002602 BTC
PIN/BTC,0.03 BTC,0.00000063 BTC,-1.56%,0.00000064 BTC,0.00000063 BTC
SUMO/BTC,0.03 BTC,0.00000546 BTC,-2.15%,0.00000565 BTC,0.00000537 BTC
KNC/BTC,0.03 BTC,0.00017363 BTC,1.97%,0.00017915 BTC,0.00016866 BTC
XZC/BTC,0.03 BTC,0.00059150 BTC,0%,0.00059152 BTC,0.0005915 BTC
PAY/BTC,0.03 BTC,0.00000638 BTC,3.91%,0.00000654 BTC,0.00000606 BTC
TRX/BTC,0.03 BTC,0.00000189 BTC,-1.05%,0.00000192 BTC,0.00000188 BTC
ARC/BTC,0.03 BTC,0.00000014 BTC,0%,0.00000015 BTC,0.00000014 BTC
POWR/BTC,0.03 BTC,0.00001043 BTC,-0.29%,0.00001051 BTC,0.00000997 BTC
AMM/BTC,0.03 BTC,0.00000033 BTC,0%,0.00000033 BTC,0.00000033 BTC
FUN/BTC,0.03 BTC,0.00000041 BTC,-2.38%,0.00000042 BTC,0.00000041 BTC
QNT/BTC,0.03 BTC,0.00081486 BTC,4.84%,0.00084439 BTC,0.000754 BTC
RLT/BTC,0.03 BTC,0.00000003 BTC,0%,0.00000003 BTC,0.00000003 BTC
SNGLS/BTC,0.03 BTC,0.00000109 BTC,-1.8%,0.00000113 BTC,0.00000106 BTC
GUP/BTC,0.03 BTC,0.00000019 BTC,-9.52%,0.00000021 BTC,0.00000019 BTC
ICOS/BTC,0.03 BTC,0.00007981 BTC,-4.51%,0.00008775 BTC,0.00007175 BTC
BNB/BTC,0.03 BTC,0.00192855 BTC,1.62%,0.00197161 BTC,0.00184974 BTC
FLOT/BTC,0.03 BTC,0.00000023 BTC,0%,0.00000023 BTC,0.00000023 BTC
MIOTA/BTC,0.03 BTC,0.00006182 BTC,2.42%,0.00006201 BTC,0.00005976 BTC
LRC/BTC,0.03 BTC,0.00001428 BTC,7.53%,0.00001435 BTC,0.00001297 BTC
NXT/BTC,0.03 BTC,0.00000117 BTC,-0.85%,0.00000129 BTC,0.00000115 BTC
TAAS/BTC,0.03 BTC,0.00009312 BTC,12.91%,0.00009509 BTC,0.00008127 BTC
THS/BTC,0.03 BTC,0.00000059 BTC,0%,0.00000059 BTC,0.00000059 BTC
MNTP/BTC,0.03 BTC,0.00006206 BTC,-3.81%,0.00006697 BTC,0.0000606 BTC
JNB/BTC,0.03 BTC,0.01299999 BTC,0%,0.01299999 BTC,0.01299999 BTC
ECOREAL/BTC,0.03 BTC,0.00000523 BTC,-2.61%,0.00000541 BTC,0.00000514 BTC
BTM/BTC,0.03 BTC,0.00004402 BTC,-13.19%,0.00005071 BTC,0.00004289 BTC
TLC/BTC,0.03 BTC,0.00000552 BTC,4.94%,0.00000642 BTC,0.00000488 BTC
LOOM/BTC,0.03 BTC,0.00000240 BTC,-0.41%,0.00000246 BTC,0.00000231 BTC
STORJ/BTC,0.03 BTC,0.00001928 BTC,7.05%,0.00001942 BTC,0.00001777 BTC
DEX/BTC,0.03 BTC,0.00000084 BTC,0%,0.00000084 BTC,0.00000084 BTC
QASH/BTC,0.03 BTC,0.00000351 BTC,7.01%,0.00000357 BTC,0.00000326 BTC
CCRB/BTC,0.03 BTC,0.00000173 BTC,1.17%,0.00000176 BTC,0.00000168 BTC
TER/BTC,0.03 BTC,0.00000065 BTC,-2.99%,0.00000081 BTC,0.0000006 BTC
PRO/BTC,0.03 BTC,0.00001111 BTC,-0.36%,0.00001134 BTC,0.00001082 BTC
QBIT/BTC,0.03 BTC,0.00334900 BTC,1.82%,0.00335821 BTC,0.00328231 BTC
ECHO/BTC,0.03 BTC,0.00153215 BTC,-0.36%,0.00159954 BTC,0.00150191 BTC
KAPU/BTC,0.03 BTC,0.00000003 BTC,0%,0.00000003 BTC,0.00000003 BTC
RBIES/BTC,0.03 BTC,0.00000076 BTC,0%,0.00000076 BTC,0.00000075 BTC
ITI/BTC,0.03 BTC,0.00010967 BTC,-8.6%,0.00011999 BTC,0.00010912 BTC
BPTN/BTC,0.03 BTC,0.00000021 BTC,0%,0.00000021 BTC,0.00000021 BTC
PRES/BTC,0.03 BTC,0.00000025 BTC,0%,0.00000025 BTC,0.00000025 BTC
CVC/BTC,0.03 BTC,0.00000307 BTC,0.66%,0.00000309 BTC,0.00000299 BTC
PELO/BTC,0.03 BTC,0.00000041 BTC,0%,0.00000041 BTC,0.00000041 BTC
BSD/BTC,0.03 BTC,0.00000034 BTC,9.68%,0.00000036 BTC,0.00000031 BTC
AE/BTC,0.03 BTC,0.00001623 BTC,2.53%,0.0000166 BTC,0.0000157 BTC
COV/BTC,0.03 BTC,0.00002251 BTC,3.49%,0.00002284 BTC,0.00002043 BTC
ANT/BTC,0.03 BTC,0.00014497 BTC,-1.9%,0.00014875 BTC,0.00014457 BTC
INSN/BTC,0.03 BTC,0.00000038 BTC,-15.56%,0.00000045 BTC,0.00000036 BTC
HXX/BTC,0.03 BTC,0.00000837 BTC,-9.51%,0.0000094 BTC,0.0000076 BTC
BZX/BTC,0.03 BTC,0.00000025 BTC,-16.67%,0.00000036 BTC,0.00000016 BTC
MASH/BTC,0.03 BTC,0.00000002 BTC,0%,0.00000002 BTC,0.00000002 BTC
ODE/BTC,0.03 BTC,0.00000412 BTC,1.23%,0.00000426 BTC,0.00000399 BTC
CRC/BTC,0.03 BTC,0.00000732 BTC,-3.43%,0.00000791 BTC,0.00000732 BTC
MGO/BTC,0.03 BTC,0.00000085 BTC,-8.6%,0.00000098 BTC,0.00000085 BTC
ELF/BTC,0.03 BTC,0.00001117 BTC,3.91%,0.00001117 BTC,0.00001049 BTC
DAY/BTC,0.03 BTC,0.00001433 BTC,2.5%,0.00001456 BTC,0.00001389 BTC
ARTE/BTC,0.03 BTC,0.00000046 BTC,0%,0.00000046 BTC,0.00000046 BTC
BIT/BTC,0.03 BTC,0.00000027 BTC,0%,0.00000028 BTC,0.00000027 BTC
TFL/BTC,0.03 BTC,0.00004275 BTC,0.56%,0.00004397 BTC,0.00004231 BTC
ETHP/BTC,0.03 BTC,0.00000030 BTC,0%,0.00000032 BTC,0.0000003 BTC
SLOPPS/BTC,0.03 BTC,0.00000013 BTC,0%,0.00000014 BTC,0.00000013 BTC
EDG/BTC,0.03 BTC,0.00000083 BTC,0%,0.00000083 BTC,0.0000008 BTC
LUNA/BTC,0.03 BTC,0.00000038 BTC,0%,0.00000038 BTC,0.00000038 BTC
FORTYTWO/BTC,0.03 BTC,2.94999790 BTC,6.93%,2.9499979 BTC,2.72000001 BTC
SKCH/BTC,0.03 BTC,0.00000814 BTC,0.62%,0.00000818 BTC,0.00000799 BTC
INB/BTC,0.03 BTC,0.00004947 BTC,0.08%,0.00004965 BTC,0.00004924 BTC
EURN/BTC,0.03 BTC,0.00007741 BTC,-5.51%,0.00008287 BTC,0.00007741 BTC
ZMN/BTC,0.03 BTC,0.00000009 BTC,0%,0.00000009 BTC,0.00000009 BTC
MANA/BTC,0.03 BTC,0.00000432 BTC,-0.92%,0.00000438 BTC,0.00000432 BTC
CRBIT/BTC,0.03 BTC,0.00000003 BTC,0%,0.00000003 BTC,0.00000003 BTC
GRS/BTC,0.03 BTC,0.00002107 BTC,0.05%,0.00002132 BTC,0.00002048 BTC
PHI/BTC,0.03 BTC,0.00000582 BTC,0.69%,0.00000582 BTC,0.00000571 BTC
ARK/BTC,0.03 BTC,0.00003221 BTC,2.09%,0.00003302 BTC,0.00003137 BTC
OBITS/BTC,0.02 BTC,0.00000090 BTC,0%,0.00000092 BTC,0.00000083 BTC
THETA/BTC,0.02 BTC,0.00052601 BTC,-5.27%,0.00057799 BTC,0.00052601 BTC
JWL/BTC,0.02 BTC,0.00003313 BTC,0.3%,0.00003345 BTC,0.00003233 BTC
TGAME/BTC,0.02 BTC,0.00000019 BTC,0%,0.00000019 BTC,0.00000019 BTC
TKN/BTC,0.02 BTC,0.00003480 BTC,-2.93%,0.00003703 BTC,0.00003351 BTC
NET/BTC,0.02 BTC,0.00001864 BTC,-0.69%,0.00001891 BTC,0.00001861 BTC
MCR/BTC,0.02 BTC,0.00000273 BTC,-0.36%,0.0000028 BTC,0.00000266 BTC
NANO/BTC,0.02 BTC,0.00033148 BTC,-0.67%,0.00033602 BTC,0.00033083 BTC
BFF/BTC,0.02 BTC,0.00004680 BTC,0%,0.0000468 BTC,0.0000468 BTC
IDH/BTC,0.02 BTC,0.00000032 BTC,6.67%,0.00000032 BTC,0.0000003 BTC
OMG/BTC,0.02 BTC,0.00016191 BTC,0.32%,0.00016368 BTC,0.00015864 BTC
BTB/BTC,0.02 BTC,0.00019526 BTC,0.73%,0.00019629 BTC,0.00019301 BTC
FLIXX/BTC,0.02 BTC,0.00000143 BTC,-4.67%,0.00000152 BTC,0.00000142 BTC
MRPH/BTC,0.02 BTC,0.00001944 BTC,-4.52%,0.0000205 BTC,0.00001944 BTC
LTT/BTC,0.02 BTC,0.00000087 BTC,-2.25%,0.0000009 BTC,0.00000087 BTC
FLP/BTC,0.02 BTC,0.00000060 BTC,0%,0.00000062 BTC,0.00000057 BTC
ENT/BTC,0.02 BTC,0.00000010 BTC,0%,0.0000001 BTC,0.0000001 BTC
GNO/BTC,0.02 BTC,0.00282942 BTC,-0.42%,0.00299534 BTC,0.0027687 BTC
TWC/BTC,0.02 BTC,0.00000019 BTC,0%,0.00000019 BTC,0.00000019 BTC
BCZERO/BTC,0.02 BTC,0.00000029 BTC,0%,0.00000029 BTC,0.00000029 BTC
NOKU/BTC,0.02 BTC,0.00000385 BTC,-1.03%,0.0000039 BTC,0.00000385 BTC
WINGS/BTC,0.02 BTC,0.00000596 BTC,-9.15%,0.00000693 BTC,0.00000584 BTC
RST/BTC,0.02 BTC,0.00001599 BTC,-0.12%,0.00001626 BTC,0.00001477 BTC
EL/BTC,0.02 BTC,0.00000068 BTC,4.62%,0.00000069 BTC,0.00000064 BTC
MNC/BTC,0.02 BTC,0.00000063 BTC,5%,0.00000064 BTC,0.00000059 BTC
DTR/BTC,0.02 BTC,0.00000115 BTC,-0.86%,0.00000116 BTC,0.00000114 BTC
HB/BTC,0.02 BTC,0.00000017 BTC,0%,0.00000017 BTC,0.00000017 BTC
IOST/BTC,0.02 BTC,0.00000290 BTC,-4.92%,0.00000314 BTC,0.00000289 BTC
IMP/BTC,0.02 BTC,0.00000031 BTC,-18.42%,0.00000042 BTC,0.00000029 BTC
MTRc/BTC,0.02 BTC,0.00000008 BTC,0%,0.00000008 BTC,0.00000008 BTC
SXC/BTC,0.02 BTC,0.00000017 BTC,-5.56%,0.00000018 BTC,0.00000015 BTC
LDC/BTC,0.02 BTC,0.00000005 BTC,0%,0.00000005 BTC,0.00000005 BTC
DOLLAR/BTC,0.02 BTC,0.00001175 BTC,0.34%,0.0000118 BTC,0.00001165 BTC
MLN/BTC,0.02 BTC,0.00128697 BTC,2.47%,0.00131111 BTC,0.0012271 BTC
wETT/BTC,0.02 BTC,0.00000043 BTC,0%,0.00000043 BTC,0.00000042 BTC
LATX/BTC,0.02 BTC,0.00000016 BTC,0%,0.00000016 BTC,0.00000016 BTC
SCT/BTC,0.02 BTC,0.00000056 BTC,0%,0.00000056 BTC,0.00000055 BTC
SFX/BTC,0.02 BTC,0.00000102 BTC,5.15%,0.00000102 BTC,0.00000092 BTC
MOJO/BTC,0.02 BTC,0.00000012 BTC,0%,0.00000012 BTC,0.00000011 BTC
VRS/BTC,0.02 BTC,0.00000284 BTC,-0.35%,0.00000287 BTC,0.00000277 BTC
NOX/BTC,0.02 BTC,0.00000002 BTC,0%,0.00000002 BTC,0.00000002 BTC
JBY/BTC,0.02 BTC,0.00002021 BTC,-18.7%,0.00002486 BTC,0.00002001 BTC
TRST/BTC,0.02 BTC,0.00000049 BTC,-5.77%,0.00000053 BTC,0.00000049 BTC
MDC/BTC,0.02 BTC,0.00000005 BTC,-16.67%,0.00000006 BTC,0.00000005 BTC
VIEW/BTC,0.02 BTC,0.00000083 BTC,-2.35%,0.00000085 BTC,0.00000082 BTC
SLR/BTC,0.02 BTC,0.00000142 BTC,3.65%,0.00000145 BTC,0.00000135 BTC
TX/BTC,0.02 BTC,0.00000045 BTC,-2.17%,0.00000049 BTC,0.00000044 BTC
EOSDAC/BTC,0.02 BTC,0.00000013 BTC,0%,0.00000014 BTC,0.00000013 BTC
eETT/BTC,0.01 BTC,0.00000043 BTC,0%,0.00000043 BTC,0.00000042 BTC
SC/BTC,0.01 BTC,0.00000037 BTC,5.71%,0.00000037 BTC,0.00000035 BTC
GOLOS/BTC,0.01 BTC,0.00000015 BTC,0%,0.00000015 BTC,0.00000014 BTC
CND/BTC,0.01 BTC,0.00000080 BTC,9.59%,0.00000115 BTC,0.00000073 BTC
GB/BTC,0.01 BTC,0.00000012 BTC,0%,0.00000012 BTC,0.00000012 BTC
CDX/BTC,0.01 BTC,0.00000013 BTC,18.18%,0.00000013 BTC,0.00000011 BTC
MOIN/BTC,0.01 BTC,0.00000044 BTC,0%,0.00000044 BTC,0.00000044 BTC
STO/BTC,0.01 BTC,0.00000203 BTC,6.84%,0.00000203 BTC,0.0000019 BTC
BEZ/BTC,0.01 BTC,0.00000032 BTC,0%,0.00000032 BTC,0.00000032 BTC
BNODE/BTC,0.01 BTC,0.00000601 BTC,-3.06%,0.00000745 BTC,0.00000601 BTC
VMR/BTC,0.01 BTC,0.00004539 BTC,0.49%,0.00004539 BTC,0.00004517 BTC
ENG/BTC,0.00 BTC,0.00002267 BTC,-18.72%,0.00002789 BTC,0.00002267 BTC
RISE/BTC,0.00 BTC,0.00000073 BTC,4.29%,0.00000083 BTC,0.0000007 BTC
UNUS/BTC,0.00 BTC,0.00015000 BTC,24.99%,0.00015 BTC,0.00010662 BTC
ITCM/BTC,0.00 BTC,0.00000189 BTC,0.53%,0.00000189 BTC,0.00000188 BTC
PIPL/BTC,0.00 BTC,0.00000016 BTC,0%,0.00000016 BTC,0.00000016 BTC
EXM/BTC,0.00 BTC,0.00000026 BTC,-7.14%,0.00000028 BTC,0.00000026 BTC
AET/BTC,0.00 BTC,0.00000182 BTC,1.11%,0.00000182 BTC,0.0000018 BTC
ERO/BTC,0.00 BTC,0.00000003 BTC,0%,0.00000003 BTC,0.00000003 BTC
BTT/BTC,0.00 BTC,0.00000005 BTC,0%,0.00000005 BTC,0.00000005 BTC
KTETH/BTC,0.00 BTC,0.00000628 BTC,-7.37%,0.00000678 BTC,0.00000628 BTC
BARIN/BTC,0.00 BTC,0.00068756 BTC,0%,0.00068756 BTC,0.00068756 BTC
DYN/BTC,0.00 BTC,0.00000565 BTC,7.62%,0.00000565 BTC,0.000005 BTC
VTHO/BTC,0.00 BTC,0.00000010 BTC,0%,0.0000001 BTC,0.0000001 BTC
ZERT/BTC,0.00 BTC,0.00001998 BTC,21.61%,0.00001998 BTC,0.00001643 BTC
ARDR/BTC,0.00 BTC,0.00000563 BTC,0.18%,0.00000563 BTC,0.00000562 BTC
SXP/BTC,0.00 BTC,0.00007800 BTC,16.42%,0.000078 BTC,0.000067 BTC
HT/BTC,0.00 BTC,0.00045576 BTC,0.01%,0.00045576 BTC,0.00045573 BTC
SCIFI/BTC,0.00 BTC,0.00000004 BTC,0%,0.00000004 BTC,0.00000004 BTC
BUK2/BTC,0.00 BTC,0.00000007 BTC,-12.5%,0.00000008 BTC,0.00000007 BTC
KED/BTC,0.00 BTC,0.00000010 BTC,0%,0.0000001 BTC,0.0000001 BTC
POST/BTC,0.00 BTC,0.00000012 BTC,0%,0.00000012 BTC,0.00000012 BTC
ATOM/BTC,0.00 BTC,0.00039348 BTC,0%,0.00039348 BTC,0.00039348 BTC
GOLD/BTC,0.00 BTC,0.00075529 BTC,0%,0 BTC,0 BTC
BTC/USDC,0.00 BTC,8 950.02000010 USDC,0%,0 USDC,0 USDC
CNB/BTC,0.00 BTC,0.00000003 BTC,0%,0 BTC,0 BTC
JBT/BTC,0.00 BTC,0.00000001 BTC,0%,0 BTC,0 BTC
BIP/BTC,0.00 BTC,0.00015419 BTC,0%,0 BTC,0 BTC
ALLBI/BTC,0.00 BTC,0.00000001 BTC,0%,0 BTC,0 BTC
PTI/BTC,0.00 BTC,0.00000018 BTC,0%,0 BTC,0 BTC
GOAL/BTC,0.00 BTC,0.00000001 BTC,0%,0 BTC,0 BTC
ASAFE2/BTC,0.00 BTC,0.00000320 BTC,0%,0 BTC,0 BTC
ATX/BTC,0.00 BTC,0.00000001 BTC,0%,0 BTC,0 BTC
CASH/BTC,0.00 BTC,0.00000006 BTC,0%,0 BTC,0 BTC
BPC/BTC,0.00 BTC,0.00000002 BTC,0%,0 BTC,0 BTC
GIN/BTC,0.00 BTC,0.00000016 BTC,0%,0 BTC,0 BTC
CAPS/BTC,0.00 BTC,0.00000002 BTC,0%,0 BTC,0 BTC
FXT/BTC,0.00 BTC,0.00000005 BTC,0%,0 BTC,0 BTC
IFAN/BTC,0.00 BTC,0.00000001 BTC,0%,0 BTC,0 BTC
DIBC/BTC,0.00 BTC,0.00000000 BTC,0%,0 BTC,0 BTC
STS/BTC,0.00 BTC,0.00000001 BTC,0%,0 BTC,0 BTC
AMG/BTC,0.00 BTC,0.00000001 BTC,0%,0 BTC,0 BTC
ALGO/BTC,0.00 BTC,0.00000000 BTC,0%,0 BTC,0 BTC
PLN/BTC,0.00 BTC,0.00000001 BTC,0%,0 BTC,0 BTC
ALLBIH/BTC,0.00 BTC,0.00000001 BTC,0%,0 BTC,0 BTC
ZILA/BTC,0.00 BTC,0.00000001 BTC,0%,0 BTC,0 BTC
MKT/BTC,0.00 BTC,0.00000001 BTC,0%,0 BTC,0 BTC
ATM/BTC,0.00 BTC,0.00000001 BTC,0%,0 BTC,0 BTC
JOY/BTC,0.00 BTC,0.00000001 BTC,0%,0 BTC,0 BTC
ACN/BTC,0.00 BTC,0.00000001 BTC,0%,0 BTC,0 BTC
GYC/BTC,0.00 BTC,0.00000005 BTC,0%,0 BTC,0 BTC
ETCA/BTC,0.00 BTC,0.00000001 BTC,0%,0 BTC,0 BTC
GEX/BTC,0.00 BTC,0.00000017 BTC,0%,0 BTC,0 BTC
CENNZ/BTC,0.00 BTC,0.00000702 BTC,0%,0 BTC,0 BTC
DOV/BTC,0.00 BTC,0.00000019 BTC,0%,0 BTC,0 BTC
RBM/BTC,0.00 BTC,0.00000002 BTC,0%,0 BTC,0 BTC
XMS/BTC,0.00 BTC,0.00000001 BTC,0%,0 BTC,0 BTC
MSCN/BTC,0.00 BTC,0.00000001 BTC,0%,0 BTC,0 BTC
EKT/BTC,0.00 BTC,0.00000079 BTC,0%,0 BTC,0 BTC
ORE/BTC,0.00 BTC,0.00000001 BTC,0%,0 BTC,0 BTC
ICEBT/BTC,0.00 BTC,0.00000001 BTC,0%,0 BTC,0 BTC
YO/BTC,0.00 BTC,0.10130001 BTC,0%,0 BTC,0 BTC
W3C/BTC,0.00 BTC,0.00000001 BTC,0%,0 BTC,0 BTC
XAP/BTC,0.00 BTC,0.00000002 BTC,0%,0 BTC,0 BTC
WIC/BTC,0.00 BTC,0.00000001 BTC,0%,0 BTC,0 BTC
PUP/BTC,0.00 BTC,0.00000001 BTC,0%,0 BTC,0 BTC
NAVY/BTC,0.00 BTC,0.00000012 BTC,0%,0 BTC,0 BTC
BTC/EURS,0.00 BTC,1 234.00000000 EURS,0%,0 EURS,0 EURS
BTC/EURN,0.00 BTC,19 845.00000000 EURN,0%,0 EURN,0 EURN
FU/BTC,0.00 BTC,0.00000001 BTC,0%,0 BTC,0 BTC
XAC/BTC,0.00 BTC,0.00014000 BTC,0%,0 BTC,0 BTC
BVK/BTC,0.00 BTC,0.00000054 BTC,0%,0 BTC,0 BTC
SHARK/BTC,0.00 BTC,0.00000002 BTC,0%,0 BTC,0 BTC
OXY/BTC,0.00 BTC,0.00000001 BTC,0%,0 BTC,0 BTC
HOT/BTC,0.00 BTC,0.00000007 BTC,0%,0 BTC,0 BTC
BTC/TUSD,0.00 BTC,9 333.00000000 TUSD,0%,0 TUSD,0 TUSD
FNC/BTC,0.00 BTC,0.00000018 BTC,0%,0 BTC,0 BTC
INST/BTC,0.00 BTC,0.00000001 BTC,0%,0 BTC,0 BTC
PMS/BTC,0.00 BTC,0.00000001 BTC,0%,0 BTC,0 BTC
CARB/BTC,0.00 BTC,0.00000009 BTC,0%,0 BTC,0 BTC
KICK/BTC,0.00 BTC,0.00000006 BTC,0%,0 BTC,0 BTC
BTC/PAX,0.00 BTC,8 898.00000000 PAX,0%,0 PAX,0 PAX
IQ/BTC,0.00 BTC,0.00000019 BTC,0%,0 BTC,0 BTC
GES/BTC,0.00 BTC,0.00000001 BTC,0%,0 BTC,0 BTC
PAN/BTC,0.00 BTC,0.00001073 BTC,0%,0 BTC,0 BTC
FCT/BTC,0.00 BTC,0.00015687 BTC,0%,0 BTC,0 BTC
ETER/BTC,0.00 BTC,0.00000001 BTC,0%,0 BTC,0 BTC
CTX/BTC,0.00 BTC,0.00000007 BTC,0%,0 BTC,0 BTC
UNRC/BTC,0.00 BTC,0.00000002 BTC,0%,0 BTC,0 BTC
FTT/BTC,0.00 BTC,0.00028036 BTC,0%,0 BTC,0 BTC
HELI/BTC,0.00 BTC,0.00000002 BTC,0%,0 BTC,0 BTC
WABI/BTC,0.00 BTC,0.00000910 BTC,0%,0 BTC,0 BTC
NSRT/BTC,0.00 BTC,0.00061148 BTC,0%,0 BTC,0 BTC
ECIO/BTC,0.00 BTC,0.00000001 BTC,0%,0 BTC,0 BTC
UTK/BTC,0.00 BTC,0.00000521 BTC,0%,0 BTC,0 BTC
DPS/BTC,0.00 BTC,0.00000001 BTC,0%,0 BTC,0 BTC
SONIQ/BTC,0.00 BTC,0.00000003 BTC,0%,0 BTC,0 BTC
SPD/BTC,0.00 BTC,0.00000001 BTC,0%,0 BTC,0 BTC
PLA/BTC,0.00 BTC,0.00000446 BTC,0%,0 BTC,0 BTC
AMB/BTC,0.00 BTC,0.00000154 BTC,0%,0 BTC,0 BTC
TOR/BTC,0.00 BTC,0.00000001 BTC,0%,0 BTC,0 BTC
SPF/BTC,0.00 BTC,0.00000005 BTC,0%,0 BTC,0 BTC
MXM3/BTC,0.00 BTC,0.00000002 BTC,0%,0 BTC,0 BTC
GPL2/BTC,0.00 BTC,0.00000723 BTC,0%,0 BTC,0 BTC
ESP/BTC,0.00 BTC,0.00000001 BTC,0%,0 BTC,0 BTC
SOAR/BTC,0.00 BTC,0.00000001 BTC,0%,0 BTC,0 BTC
RHOC/BTC,0.00 BTC,0.00000163 BTC,0%,0 BTC,0 BTC
WBCC/BTC,0.00 BTC,0.00000001 BTC,0%,0 BTC,0 BTC
CTDM/BTC,0.00 BTC,0.00000001 BTC,0%,0 BTC,0 BTC
CTF/BTC,0.00 BTC,0.00000001 BTC,0%,0 BTC,0 BTC
PAS/BTC,0.00 BTC,0.00192502 BTC,0%,0 BTC,0 BTC
HST/BTC,0.00 BTC,0.00000001 BTC,0%,0 BTC,0 BTC
BIO/BTC,0.00 BTC,0.00000001 BTC,0%,0 BTC,0 BTC
SIG/BTC,0.00 BTC,0.00000001 BTC,0%,0 BTC,0 BTC
VMT/BTC,0.00 BTC,0.00000001 BTC,0%,0 BTC,0 BTC
SMA/BTC,0.00 BTC,0.00000001 BTC,0%,0 BTC,0 BTC
OTON/BTC,0.00 BTC,0.00000254 BTC,0%,0 BTC,0 BTC
RTB/BTC,0.00 BTC,0.00000000 BTC,0%,0 BTC,0 BTC
XBT/BTC,0.00 BTC,0.00000015 BTC,0%,0 BTC,0 BTC
DIME/BTC,0.00 BTC,0.00000001 BTC,0%,0 BTC,0 BTC
SHPING/BTC,0.00 BTC,0.00000001 BTC,0%,0 BTC,0 BTC
GRX/BTC,0.00 BTC,0.00000005 BTC,0%,0 BTC,0 BTC
ZBC/BTC,0.00 BTC,0.00000016 BTC,0%,0 BTC,0 BTC
XRC/BTC,0.00 BTC,0.00000010 BTC,0%,0 BTC,0 BTC
MQM/BTC,0.00 BTC,0.00000001 BTC,0%,0 BTC,0 BTC
DENT/BTC,0.00 BTC,0.00000003 BTC,0%,0 BTC,0 BTC
GIFT/BTC,0.00 BTC,0.00000001 BTC,0%,0 BTC,0 BTC
BTCH/BTC,0.00 BTC,0.00000003 BTC,0%,0 BTC,0 BTC
XSCR/BTC,0.00 BTC,0.00000001 BTC,0%,0 BTC,0 BTC
ABT/BTC,0.00 BTC,0.00001133 BTC,0%,0 BTC,0 BTC
VLTC/BTC,0.00 BTC,0.00000001 BTC,0%,0 BTC,0 BTC
BTG/BTC,0.00 BTC,0.00098040 BTC,0%,0 BTC,0 BTC
MYCT/BTC,0.00 BTC,0.00000001 BTC,0%,0 BTC,0 BTC
ROCKET/BTC,0.00 BTC,0.00000001 BTC,0%,0 BTC,0 BTC
SNB/BTC,0.00 BTC,0.00001400 BTC,0%,0 BTC,0 BTC
UNC/BTC,0.00 BTC,0.00000001 BTC,0%,0 BTC,0 BTC
BID/BTC,0.00 BTC,0.00042587 BTC,0%,0 BTC,0 BTC
ECOT/BTC,0.00 BTC,0.00000001 BTC,0%,0 BTC,0 BTC
OCN/BTC,0.00 BTC,0.00000005 BTC,0%,0 BTC,0 BTC
WIN/BTC,0.00 BTC,0.00000001 BTC,0%,0 BTC,0 BTC
TCT/BTC,0.00 BTC,0.00000003 BTC,0%,0 BTC,0 BTC
PUT/BTC,0.00 BTC,0.00000001 BTC,0%,0 BTC,0 BTC
onLEXpa/BTC,0.00 BTC,0.00000001 BTC,0%,0 BTC,0 BTC
DIG/BTC,0.00 BTC,0.00000001 BTC,0%,0 BTC,0 BTC
MIN/BTC,0.00 BTC,0.00014243 BTC,0%,0 BTC,0 BTC
INS/BTC,0.00 BTC,0.00000000 BTC,0%,0 BTC,0 BTC
MAD/BTC,0.00 BTC,0.00000120 BTC,0%,0 BTC,0 BTC
CSE/BTC,0.00 BTC,0.00000440 BTC,0%,0 BTC,0 BTC
BLD/BTC,0.00 BTC,0.00000001 BTC,0%,0 BTC,0 BTC
YVM/BTC,0.00 BTC,0.00000001 BTC,0%,0 BTC,0 BTC
MOF/BTC,0.00 BTC,0.00002604 BTC,0%,0 BTC,0 BTC
LKE/BTC,0.00 BTC,0.00000001 BTC,0%,0 BTC,0 BTC
KNZV/BTC,0.00 BTC,0.00013501 BTC,0%,0 BTC,0 BTC
ZB/BTC,0.00 BTC,0.00002457 BTC,0%,0 BTC,0 BTC
TEL/BTC,0.00 BTC,0.00000004 BTC,0%,0 BTC,0 BTC
HNR/BTC,0.00 BTC,0.00000001 BTC,0%,0 BTC,0 BTC
VIU/BTC,0.00 BTC,0.00000001 BTC,0%,0 BTC,0 BTC
SNBL/BTC,0.00 BTC,0.00000001 BTC,0%,0 BTC,0 BTC
IEX/BTC,0.00 BTC,0.00000110 BTC,0%,0 BTC,0 BTC
LibraF/BTC,0.00 BTC,0.00000001 BTC,0%,0 BTC,0 BTC
MEETONE/BTC,0.00 BTC,0.00000011 BTC,0%,0 BTC,0 BTC
NPXS/BTC,0.00 BTC,0.00000003 BTC,0%,0 BTC,0 BTC
ZAY/BTC,0.00 BTC,0.00000002 BTC,0%,0 BTC,0 BTC
CBR/BTC,0.00 BTC,0.00000001 BTC,0%,0 BTC,0 BTC
QBT/BTC,0.00 BTC,0.00000005 BTC,0%,0 BTC,0 BTC
CPT/BTC,0.00 BTC,0.00000001 BTC,0%,0 BTC,0 BTC
VOISE/BTC,0.00 BTC,0.00000001 BTC,0%,0 BTC,0 BTC
DXR/BTC,0.00 BTC,0.00000000 BTC,0%,0 BTC,0 BTC
APOD/BTC,0.00 BTC,0.00000021 BTC,0%,0 BTC,0 BTC
ATF/BTC,0.00 BTC,0.00000000 BTC,0%,0 BTC,0 BTC
CLPC/BTC,0.00 BTC,0.00000001 BTC,0%,0 BTC,0 BTC
SOF/BTC,0.00 BTC,0.00000018 BTC,0%,0 BTC,0 BTC
CBC/BTC,0.00 BTC,0.00000061 BTC,0%,0 BTC,0 BTC
SPA/BTC,0.00 BTC,0.00000001 BTC,0%,0 BTC,0 BTC
TPX/BTC,0.00 BTC,0.00399996 BTC,0%,0 BTC,0 BTC
TCF/BTC,0.00 BTC,0.00000003 BTC,0%,0 BTC,0 BTC
GUIDE/BTC,0.00 BTC,0.00000524 BTC,0%,0 BTC,0 BTC
YOD/BTC,0.00 BTC,0.00009600 BTC,0%,0 BTC,0 BTC
TIB/BTC,0.00 BTC,0.00000001 BTC,0%,0 BTC,0 BTC
BTSMD/BTC,0.00 BTC,0.00000001 BTC,0%,0 BTC,0 BTC
REP/BTC,0.00 BTC,0.00201623 BTC,0%,0 BTC,0 BTC
SPT/BTC,0.00 BTC,0.00000001 BTC,0%,0 BTC,0 BTC
DGX/BTC,0.00 BTC,0.00580001 BTC,0%,0 BTC,0 BTC
CREVA/BTC,0.00 BTC,0.00000001 BTC,0%,0 BTC,0 BTC
GST/BTC,0.00 BTC,0.00000001 BTC,0%,0 BTC,0 BTC
CPP/BTC,0.00 BTC,0.00000001 BTC,0%,0 BTC,0 BTC
NAM/BTC,0.00 BTC,0.00000001 BTC,0%,0 BTC,0 BTC
PISH/BTC,0.00 BTC,0.00000001 BTC,0%,0 BTC,0 BTC
ANNE/BTC,0.00 BTC,0.00000002 BTC,0%,0 BTC,0 BTC
DMC/BTC,0.00 BTC,0.00000001 BTC,0%,0 BTC,0 BTC
PANDA/BTC,0.00 BTC,0.00000002 BTC,0%,0 BTC,0 BTC
CVN/BTC,0.00 BTC,0.00000000 BTC,0%,0 BTC,0 BTC
XLAB/BTC,0.00 BTC,0.00000001 BTC,0%,0 BTC,0 BTC
SEC/BTC,0.00 BTC,0.00000001 BTC,0%,0 BTC,0 BTC
TVT/BTC,0.00 BTC,0.00000001 BTC,0%,0 BTC,0 BTC
BCD/BTC,0.00 BTC,0.00008945 BTC,0%,0 BTC,0 BTC
ROBO/BTC,0.00 BTC,0.00000003 BTC,0%,0 BTC,0 BTC
BSHORT/BTC,0.00 BTC,0.00091080 BTC,0%,0 BTC,0 BTC
